keyword,language,topic,topicColor,keywordColor,limitPages,ratioNew
'Tornado',de,Hazard,#fc0307,#c72426,3,0.1254993105111103
'Sturm Bäume',de,Impacts,#fc8505,#cf7c23,1,0.0504983763629514
'Sturm Klimawandel',de,Causes,#2326cf,#242573,1,0.0359685500926755
'Orkan',de,Hazard,#fc0307,#c72426,2,0.032299880326404
'Sturm Tote',de,Impacts,#fc8505,#cf7c23,1,0.0249314195429694
'Sturm Vorhersage',de,Mitigation,#48a82d,#3fd914,1,0.015988328433308857
'Downburst',de,Hazard,#fc0327,#c72446,1,0.0067870675725751
'Sturm Windstärke',de,Hazard,#fc0307,#c72426,1,0.0052022610102666
'Tornado Erwärmung',de,Causes,#2326cf,#242573,1,0.0043692233706756
'Sturm Erwärmung',de,Causes,#2326cf,#242573,1,0.0036422432899042
'Sturmtag',de,Hazard,#ec0827,#c72426,1,1.44002457692379e-07
'Warnsystem Tornado',de,Mitigation,#48a82d,#3fd914,1,1.0130547266409652e-08
