,phrase,label,sentiment,subjectivity,language,count
Philippinen,,,,,,
Jamaika,,,,,,
Deutschland,,,,,,
Vietnam,,,,,,
Bodensee,,,,,,
Kuba,,,,,,
Karibik,,,,,,
Frankreich,,,,,,
Brasiliens,,,,,,
Baden-Württemberg,,,,,,
Portugal,,,,,,
USA,,,,,,
Südostasien,,,,,,
Glückstadt,,,,,,
Sturm,,,,,,
Taiwan,,,,,,
Deutschlands,,,,,,
Kalifornien,,,,,,
Brandenburg,,,,,,
Spanien,,,,,,
China,,,,,,
Fürstenwalde,,,,,,
Brasilien,,,,,,
Rio Bonito do Iguaçu,,,,,,
Schleswig-Holstein,,,,,,
…,,,,,,
Sturmböen,,,,,,
Orkanböen,,,,,,
Bayern,,,,,,
Starkregen,,,,,,
Karibikinsel,,,,,,
Friedrichshafen,,,,,,
Albufeira,,,,,,
Portugals,,,,,,
Rheinland-Pfalz,,,,,,
Haiti,,,,,,
Bäume,,,,,,
Wirbelsturm,,,,,,
Behördenangaben,,,,,,
Stadt,,,,,,
Bahamas,,,,,,
den USA,,,,,,
Böen,,,,,,
Frankreichs,,,,,,
Ibiza,,,,,,
Paris,,,,,,
Hamburger Flughafen,,,,,,
NRW,,,,,,
Tornados,,,,,,
Glatteis,,,,,,
Schneeverwehungen,,,,,,
Iran,,,,,,
Asien,,,,,,
Oklahoma,,,,,,
Tornado,,,,,,
Lindau,,,,,,
Gronau,,,,,,
Hessen,,,,,,
Schweden,,,,,,
Bermuda,,,,,,
Unwetter,,,,,,
Hamburg,,,,,,
Berlin,,,,,,
Notunterkünften,,,,,,
Feldberg,,,,,,
Nordseeküste,,,,,,
Bualoi,,,,,,
Formentera,,,,,,
Büchel,,,,,,
Wasserhose,,,,,,
Krim,,,,,,
Nordrhein-Westfalen,,,,,,
Südwestfrankreich,,,,,,
Nordsee,,,,,,
Harz,,,,,,
Indiens,,,,,,
Flensburg,,,,,,
Ukraine,,,,,,
Saarland,,,,,,
US-Außengebiet,,,,,,
Mallorca,,,,,,
Sinlaku,,,,,,
Orkan,,,,,,
Landes,,,,,,
Thüringen,,,,,,
Europa,,,,,,
Westpazifik,,,,,,
Pazifik,,,,,,
Uttar Pradesh,,,,,,
Mount Everest,,,,,,
Toten,,,,,,
Atlantik,,,,,,
Staaten,,,,,,
Überschwemmungen,,,,,,
Windböen,,,,,,
Hurrikan-Katastrophe,,,,,,
Thailand,,,,,,
Südfrankreich,,,,,,
Irak,,,,,,
Pomas,,,,,,
d…,,,,,,
Kamensk-Schachtinski,,,,,,
Enid,,,,,,
Algarve,,,,,,
Rostow,,,,,,
Amerikaner,,,,,,
"Sturmtief ""Elli",,,,,,
Nördlichen Marianen,,,,,,
Norwegen,,,,,,
Mecklenburg-Vorpommern,,,,,,
US-Bundesstaat Kalifornien,,,,,,
Mittelmeer,,,,,,
Kaliforniens,,,,,,
Teneriffa,,,,,,
Stromausfall,,,,,,
Pakistan,,,,,,
Israel,,,,,,
Mönchengladbach,,,,,,
Großbritannien,,,,,,
Irland,,,,,,
Nordatlantik,,,,,,
Sturmtief Joshua,,,,,,
Flughafen Hongkong,,,,,,
Schneefallgrenze,,,,,,
US-Präsident,,,,,,
Hongkong,,,,,,
Dächer,,,,,,
Hurrikan,,,,,,
Melissa,,,,,,
München,,,,,,
Schneesturm,,,,,,
Tropensturm,,,,,,
Wisconsin,,,,,,
Elbe,,,,,,
Eferding,,,,,,
Bundesstraße 75,,,,,,
Trab,,,,,,
Profi-Trader,,,,,,
“,,,,,,
Nordaustralien,,,,,,
Schadens,,,,,,
Norddeutschland,,,,,,
Hitze,,,,,,
US-Stadt,,,,,,
Sachsen,,,,,,
Darwin,,,,,,
Mitteldeutschland,,,,,,
Zug,,,,,,
North Carolina,,,,,,
Finnland,,,,,,
Gewitter,,,,,,
TTS-Player,,,,,,
Tunesien,,,,,,
Madagaskar,,,,,,
Wintersturms,,,,,,
Südwesteuropa,,,,,,
Flughäfen,,,,,,
Sumatra,,,,,,
Guatemala,,,,,,
Notstand,,,,,,
Stromausfälle,,,,,,
Indonesien,,,,,,
Los Angeles,,,,,,
Kärnten,,,,,,
Stürmische Böen,,,,,,
Wintersturm,,,,,,
Marokko,,,,,,
Erde,,,,,,
Regen,,,,,,
Hubei,,,,,,
Großbritanniens,,,,,,
Sri Lanka,,,,,,
Monstersturm,,,,,,
Trümmer,,,,,,
Karibikstaat,,,,,,
Beaufort-Skala,,,,,,
Gewittern,,,,,,
Häfen,,,,,,
Hilfsgüter,,,,,,
offene Meer,,,,,,
Wirbelsturm in der Karibik,,,,,,
Herbststurm,,,,,,
Milliardenhöhe,,,,,,
Ragasa,,,,,,
Ermont,,,,,,
Meere,,,,,,
Samar,,,,,,
Tropensturm Bualoi,,,,,,
Küste,,,,,,
Jamaicas,,,,,,
Gaza,,,,,,
Mississippi,,,,,,
Wetterphänomens,,,,,,
Fluglärm,,,,,,
Tornado-Horror,,,,,,
Steinabrunn,,,,,,
Bezirk Korneuburg,,,,,,
text/plain,,,,,,
Alarmstufe Rot,,,,,,
Texas,,,,,,
Iraker,,,,,,
Oberösterreich,,,,,,
Nebraska,,,,,,
Tornado-Gefahr,,,,,,
Luftmassen,,,,,,
Superzelle,,,,,,
Langenargen,,,,,,
Tornado-Alarm,,,,,,
Kanada,,,,,,
Mexiko,,,,,,
Trümmern,,,,,,
warm-feuchte,,,,,,
Tornado-Triebwerks-Test,,,,,,
Duisburg,,,,,,
Arcadia Bay,,,,,,
Main-Kinzig-Kreis,,,,,,
Menasha,,,,,,
Appleton,,,,,,
Australien,,,,,,
Eisblöcke,,,,,,
Nässe,,,,,,
Rom,,,,,,
Tornado-S-Systeme,,,,,,
Unfälle,,,,,,
Landkreis Oder-Spree,,,,,,
Fürstenwalde/Spree,,,,,,
Supertaifun Sinlaku,,,,,,
Italiens,,,,,,
Anmarsch,,,,,,
Kita-Dach,,,,,,
Tornado-Chaos,,,,,,
Houston,,,,,,
Niederlande,,,,,,
Airport Hamburg,,,,,,
Verdachtsfälle,,,,,,
Kambodscha,,,,,,
Sporting,,,,,,
Fußball-Zwerg,,,,,,
Kombinats Kamenski,,,,,,
Michigan,,,,,,
Wirbelsturm am Donnerstag,,,,,,
Stundenkilometern,,,,,,
deutsch-niederländischen Grenze,,,,,,
Russlands,,,,,,
Orkan-Böen,,,,,,
Illinois,,,,,,
Bohlingen,,,,,,
Paraná,,,,,,
Amerika,,,,,,
Litauen,,,,,,
Teheran,,,,,,
Nordrhein-Westfalens,,,,,,
Äste,,,,,,
Straden,,,,,,
Milliardenschäden,,,,,,
Louisiana,,,,,,
US-Außengebieten,,,,,,
Todesfälle,,,,,,
Schaltfläche,,,,,,
Russland,,,,,,
Klagenfurter Becken,,,,,,
Gazastreifen,,,,,,
Tahoe-Nationalwald,,,,,,
Castle Peak,,,,,,
Irans,,,,,,
Bezirken,,,,,,
Grazer Bergland,,,,,,
Katalonien,,,,,,
Südspanien,,,,,,
Edlitz,,,,,,
Sturm-Chaos,,,,,,
Niederösterreich,,,,,,
Klagenfurt,,,,,,
Burgenland,,,,,,
Menschenleere Straßen,,,,,,
Irlands,,,,,,
Offshore-Windparks,,,,,,
Kalenderblatt,,,,,,
Joplin,,,,,,
Missouri,,,,,,
Kairo,,,,,,
Zentrum von Fung-Wong,,,,,,
Ägypten,,,,,,
Regierungsangaben,,,,,,
Space Weather Prediction Center,,,,,,
Belém,,,,,,
Notunterkünfte,,,,,,
Landgang am Sonntag,,,,,,
Supertaifun Fung-Wong,,,,,,
Sturm Kalmaegi,,,,,,
Naturkatastrophe,,,,,,
Orkanartige Böen,,,,,,
Oklahome,,,,,,
Westpfalz,,,,,,
Krisen,,,,,,
Blitzen,,,,,,
Supertaifuns Sinlaku,,,,,,
Hurrikans Humberto,,,,,,
sn,,,,,,
Orkantief,,,,,,
Offensiv-Orkan,,,,,,
PSG,,,,,,
Prinzenpark,,,,,,
Southern Plains,,,,,,
Superzellen,,,,,,
TTS-Player überspringenArtikel weiterlesenEnid,,,,,,
Nord-,,,,,,
Mini-Tornado,,,,,,
Perth/Australien,,,,,,
Lindauer,,,,,,
Nordmeer,,,,,,
Ostsee,,,,,,
Bregenz,,,,,,
Trader-Profi Orkan Kuyas,,,,,,
Ausmaß de,,,,,,
Lindauer Insel,,,,,,
Hanoi,,,,,,
lsw,,,,,,
Stuttgart,,,,,,
Bregenzer Bucht,,,,,,
Sonntagnachmittag,,,,,,
Wolken-Rüssel,,,,,,
Hamburg Airport,,,,,,
Beaufortskala,,,,,,
Orka…,,,,,,
Hürth,,,,,,
Hof bei Straden,,,,,,
Marktl,,,,,,
Südoststeiermark,,,,,,
Polizeiwache,,,,,,
Stadtgeb…,,,,,,
Wörthersee,,,,,,
Rhein-Main-Liveblog,,,,,,
Baden in Baggerseen,,,,,,
Völkermarkt,,,,,,
Rhein,,,,,,
Gießen,,,,,,
Baden,,,,,,
Baggerseen,,,,,,
Pkw,,,,,,
Fahrbahn,,,,,,
Neusiedler See,,,,,,
Dänemark,,,,,,
Tornado-Wellen,,,,,,
Landkreis Karlsruhe,,,,,,
Strembach,,,,,,
Stutensee,,,,,,
Acht,,,,,,
Wetter-Warnung,,,,,,
Himmels-Rüssel,,,,,,
Freitagnachmittag,,,,,,
Fuhlsbüttel,,,,,,
Leipzig,,,,,,
Babykatze,,,,,,
stürmisch,,,,,,
Wilhelmshaven,,,,,,
Flughafen“,,,,,,
DeutschlandBaum,,,,,,
Moskau,,,,,,
Mozarteums,,,,,,
Salzburg,,,,,,
Ceuta,,,,,,
Ceuta-Ansturm,,,,,,
Menschenrechtler,,,,,,
Grenzdurchbruch,,,,,,
Thang…,,,,,,
Rathen,,,,,,
Sächsische Schweiz,,,,,,
Essener,,,,,,
der Schweiz,,,,,,
Großmugl,,,,,,
Essen,,,,,,
Bezirk Vöcklabruck,,,,,,
Innviertel,,,,,,
Sturmfront,,,,,,
Temperaturen,,,,,,
Chaos,,,,,,
São Paulo,,,,,,
Rio,,,,,,
Anlegern,,,,,,
Sturmböen“,,,,,,
naht,,,,,,
Super-Taifun,,,,,,
Glückst…,,,,,,
Landkreis Vechta,,,,,,
chinesische Küste,,,,,,
Verkehrschaos,,,,,,
Windhosen,,,,,,
Tor…,,,,,,
Geissens,,,,,,
Land Hessen,,,,,,
Mittelhessen,,,,,,
Finanzhilfen,,,,,,
Carcassonne,,,,,,
TTS-Player überspringenArtikel weiterlesenPomas,,,,,,
Mazionys …,,,,,,
Lettland,,,,,,
Verbandsgemeinde Höhr-Grenzhausen,,,,,,
Polen,,,,,,
Südengland,,,,,,
Sturmböen hinweggezogen,,,,,,
Hawaii,,,,,,
Berlin-Brandenburg,,,,,,
Unwettern,,,,,,
Sturmböen hinwegge…,,,,,,
Landesteilen,,,,,,
Wetter-News,,,,,,
Mittwochabend,,,,,,
Unwetter-Datenbank,,,,,,
aufgestauter See,,,,,,
Sturm China,,,,,,
Big Island,,,,,,
Lala,,,,,,
US-Bundesstaat,,,,,,
Schleswig-Holsteins,,,,,,
Kreis Steinburg,,,,,,
Kampff…,,,,,,
Senegal,,,,,,
Vorarlberger Oberland,,,,,,
Dornbirn,,,,,,
Vorarlbergs,,,,,,
Sean OKelley,,,,,,
Prignitz,,,,,,
Orkan-Gewitter,,,,,,
Ostereier,,,,,,
Warnungen,,,,,,
Österreich,,,,,,
Kansas City,,,,,,
Wetter-Chaos,,,,,,
Elfenbeinküste,,,,,,
Mitfavorit Frankreich,,,,,,
Bürs,,,,,,
Philadelphia,,,,,,
Frankreich-Spiel,,,,,,
Absage,,,,,,
Greifenburg,,,,,,
Drautal,,,,,,
Kärntens,,,,,,
Hagel,,,,,,
Tornado-Risiko,,,,,,
Taifun-Stärke,,,,,,
Lärmschutz,,,,,,
Manöver,,,,,,
Kreis Cochem-Zell,,,,,,
Nüziders,,,,,,
Schruns,,,,,,
Herzhorn,,,,,,
Huanggang,,,,,,
Bicol,,,,,,
Wetterseite Tornadoliste,,,,,,
Band-Geheimnis,,,,,,
Illner,,,,,,
Venedig,,,,,,
zentimeterdicker Hagel,,,,,,
weiterlesenUlm,,,,,,
Ulm,,,,,,
Provinz Hubei,,,,,,
Volksrepublik,,,,,,
Guangxi,,,,,,
Chinas,,,,,,
Regenfälle,,,,,,
Wetterphänomen,,,,,,
Land,,,,,,
Kelly Family,,,,,,
Warme Luft,,,,,,
Donner…,,,,,,
Bargfeld-Stegen,,,,,,
Kayhude,,,,,,
Kreis Stormarn,,,,,,
Amsterdam,,,,,,
Gesprächs­stoff,,,,,,
Frankfurt am Main,,,,,,
Rodenbach,,,,,,
Frankfurt,,,,,,
Dauereinsatz,,,,,,
Lhasa,,,,,,
Südschwarzwald,,,,,,
Provinz Cebu …,,,,,,
Verkehrsbehinderungen,,,,,,
Wolfsburg,,,,,,
Nachspielzeit,,,,,,
Südchinesischen Meer,,,,,,
Kalmaegi,,,,,,
Offenbach,,,,,,
Fünf Tote,,,,,,
Regenschauer,,,,,,
Potsdamer Straße,,,,,,
World Trade Center,,,,,,
Tower-Inferno,,,,,,
chars,,,,,,
Sturm Kurs,,,,,,
Klein…,,,,,,
Cebu,,,,,,
Taifun,,,,,,
Atlantiks,,,,,,
Insel,,,,,,
i…,,,,,,
Manila,,,,,,
Böen…,,,,,,
Oberbayern,,,,,,
Kolumbusplatz,,,,,,
Holland Bamboo,,,,,,
Black River,,,,,,
Onshore-Immobilien,,,,,,
Herbststürme,,,,,,
Behörde…,,,,,,
Nahrungs…,,,,,,
Stromnetzen,,,,,,
Ermont…,,,,,,
Algarve-Sturm,,,,,,
Campingplatz,,,,,,
Touristenort,,,,,,
Urlaubsort,,,,,,
Lusa,,,,,,
Beeinträchtigungen,,,,,,
Stadt Albufeira,,,,,,
Lissabon,,,,,,
Meteorologen,,,,,,
Flut,,,,,,
Sturmböen…,,,,,,
San Diego,,,,,,
Brasiliens …,,,,,,
"Neurath
Deutschlan…",,,,,,
Supertaifun Fung-wong,,,,,,
Landes auf Land,,,,,,
Provinz Aurora,,,,,,
Populus tremula,,,,,,
Allrounder,,,,,,
Bundesstaat,,,,,,
Südbrasilien,,,,,,
Heftiger Tornado,,,,,,
Puerto de la Cruz,,,,,,
Tornardo,,,,,,
Wetterdienst,,,,,,
Verisk,,,,,,
Lim…,,,,,,
Land fegen,,,,,,
Köln,,,,,,
B500,,,,,,
Autobahn 5,,,,,,
Glasgow,,,,,,
Jamaica,,,,,,
Jahrhundert-Sturm Melissa,,,,,,
Polizeisprecherin,,,,,,
Genf,,,,,,
Inselstaat,,,,,,
Sturm Graz,,,,,,
Schottlands,,,,,,
Auswirkungen,,,,,,
Waldbesuchen,,,,,,
Mainz,,,,,,
Live-Karte,,,,,,
Österreicher,,,,,,
Leipz…,,,,,,
Böen fegen,,,,,,
Spaziergänger,,,,,,
"Herbstturmtief ""Joshua",,,,,,
Freiburg,,,,,,
Düsseldorf,,,,,,
lnw,,,,,,
Sturmtief,,,,,,
Westeuropa,,,,,,
Sturmschäden,,,,,,
Haus,,,,,,
Kat…,,,,,,
Landfall,,,,,,
New York City,,,,,,
St. Pauli-Fischmarkt,,,,,,
Kreis Düren,,,,,,
Nörvenich,,,,,,
Tornado-Piloten,,,,,,
Sturm und Orkanböen,,,,,,
Landstriche,,,,,,
Bermuda-Inselgruppe,,,,,,
Wi…,,,,,,
Bermudas,,,,,,
Florida,,,,,,
Landkreis Mecklenburgische,,,,,,
Landkreis Mecklenburgische Seenplatte,,,,,,
Neubrandenburg,,,,,,
Nassau,,,,,,
Santiago de Cuba,,,,,,
Jahrhundertsturm,,,,,,
offenen Meer,,,,,,
Hurrikan Melissa,,,,,,
Sturmtief «Joshua,,,,,,
Schwarzwalde…,,,,,,
"Sturmtief ""Joshua",,,,,,
Bundesstraßen,,,,,,
Petit-Goave,,,,,,
Karibikinseln,,,,,,
Baden-Baden,,,,,,
Díaz-Canel,,,,,,
Kubas,,,,,,
Kap Trafalgar,,,,,,
Ärmelkanal,,,,,,
Nordseeinseln,,,,,,
Tote,,,,,,
Plasma-Tornados,,,,,,
iberischen Halbinsel,,,,,,
Raumschiffflotte,,,,,,
Lkw-Fahrer,,,,,,
Sonnenwinden,,,,,,
Raumschiffen,,,,,,
Münchens,,,,,,
Ausnahmezustand,,,,,,
Südspaniens,,,,,,
Insel…,,,,,,
Leonardo,,,,,,
Serpa,,,,,,
Evakuierungen,,,,,,
Tibet,,,,,,
meterhohe Wellen…,,,,,,
Schnees,,,,,,
US-Küste,,,,,,
Bordeaux,,,,,,
Urlaubslandes,,,,,,
US-Wäldern,,,,,,
Formenetra,,,,,,
Mi…,,,,,,
Kolonien,,,,,,
Ibizia,,,,,,
Tief Alice,,,,,,
Caddo Parish,,,,,,
Sturm Nils,,,,,,
Tarn-et-Garonne,,,,,,
Spaniens,,,,,,
Regierungsamt,,,,,,
Nebel,,,,,,
Brocken,,,,,,
Baum,,,,,,
Schwarzwald,,,,,,
Montagabend,,,,,,
V…,,,,,,
Sturmprognosen,,,,,,
Multi-Modell-Vorhersagen,,,,,,
Carrot Weather,,,,,,
Bezirk Neunkirchen,,,,,,
Oststeiermark,,,,,,
Grazer Schöckl,,,,,,
Parteivorsitz,,,,,,
Strand,,,,,,
Bundesvorsitzenden,,,,,,
Wismar,,,,,,
Schwerin,,,,,,
Mecklenburg-Vorpommerns,,,,,,
Bergsteigerl…,,,,,,
Tränengas,,,,,,
Straße von Hormus,,,,,,
Karachi,,,,,,
Iran-Schlag,,,,,,
Auto,,,,,,
Embarks,,,,,,
Lawinenabgang,,,,,,
US-Wintersturm,,,,,,
Protesten,,,,,,
lby,,,,,,
Südtiroler Landesfläche,,,,,,
Doppelzyklon,,,,,,
Monsunregen,,,,,,
Israels,,,,,,
"Sturm ""Br…",,,,,,
"Sturm ""Bram",,,,,,
Na…,,,,,,
Darmstadt,,,,,,
Sri Lank…,,,,,,
Asiens,,,,,,
Malaysia,,,,,,
Südtirol,,,,,,
Gardasees,,,,,,
Kultfilm,,,,,,
Kiew,,,,,,
Carrington-Ereignis,,,,,,
Nordaustraliens,,,,,,
Zyklon Fina,,,,,,
Lebensgefahr,,,,,,
Berga,,,,,,
Sachsen-Anhalt,,,,,,
Engländer,,,,,,
Ursachen,,,,,,
Bieberbach,,,,,,
Landkreis Coburg,,,,,,
Sonnefeld,,,,,,
B…,,,,,,
Sonnensturm,,,,,,
Versand,,,,,,
Valencia,,,,,,
US-Präsident Trump,,,,,,
US-Amerikaner,,,,,,
Megasturm,,,,,,
Griechenland,,,,,,
Sturm am Mittelmeer,,,,,,
Italien,,,,,,
IbizaHEUTE,,,,,,
Alicante,,,,,,
Barcelona,,,,,,
Murcia,,,,,,
Hollywood,,,,,,
Bremerhaven,,,,,,
Landkreis Dingolfing-Landau,,,,,,
Sonntag Orkanböen,,,,,,
Südkalifornien,,,,,,
Wütet,,,,,,
Kürze,,,,,,
No…,,,,,,
London,,,,,,
Faustkeilen,,,,,,
Mannheim,,,,,,
Weihnachts-Unwettern,,,,,,
KaliforniensÜberschwemmungen,,,,,,
Kaszab-Olschewski,,,,,,
Landschaftsverbands Rheinland,,,,,,
Notstands,,,,,,
LVR,,,,,,
Naturkatastrophenschäden,,,,,,
